{
    "eval_settings": {
        "deterministic": true,
        "n_eval_episodes": 100,
        "return_episode_rewards": true
    },
    "model_path": "trained_agents/ppo/2026-03-28T22:24:57/10000000.zip",
    "model_settings": {
        "policy": "CnnPolicy",
        "seed": 0,
        "verbose": 1
    },
    "model_type": "ppo",
    "results": {
        "average_length": 7696.0,
        "average_return": 31.64637423999999,
        "per_episode_lengths": [
            7696,
            7696,
            7696,
            7696,
            7696,
            7696,
            7696,
            7696,
            7696,
            7696,
            7696,
            7696,
            7696,
            7696,
            7696,
            7696,
            7696,
            7696,
            7696,
            7696,
            7696,
            7696,
            7696,
            7696,
            7696,
            7696,
            7696,
            7696,
            7696,
            7696,
            7696,
            7696,
            7696,
            7696,
            7696,
            7696,
            7696,
            7696,
            7696,
            7696,
            7696,
            7696,
            7696,
            7696,
            7696,
            7696,
            7696,
            7696,
            7696,
            7696,
            7696,
            7696,
            7696,
            7696,
            7696,
            7696,
            7696,
            7696,
            7696,
            7696,
            7696,
            7696,
            7696,
            7696,
            7696,
            7696,
            7696,
            7696,
            7696,
            7696,
            7696,
            7696,
            7696,
            7696,
            7696,
            7696,
            7696,
            7696,
            7696,
            7696,
            7696,
            7696,
            7696,
            7696,
            7696,
            7696,
            7696,
            7696,
            7696,
            7696,
            7696,
            7696,
            7696,
            7696,
            7696,
            7696,
            7696,
            7696,
            7696,
            7696
        ],
        "per_episode_returns": [
            79.829051,
            34.364189,
            32.901181,
            32.317387,
            32.001914,
            31.804108,
            31.668422,
            31.569544,
            31.494277,
            31.435062,
            31.387258,
            31.347854,
            31.314814,
            31.286713,
            31.262518,
            31.241469,
            31.222989,
            31.206636,
            31.192061,
            31.178989,
            31.1672,
            31.156514,
            31.146782,
            31.137882,
            31.129712,
            31.122186,
            31.11523,
            31.108782,
            31.102788,
            31.097203,
            31.091985,
            31.087099,
            31.082515,
            31.078206,
            31.074147,
            31.070317,
            31.066698,
            31.063273,
            31.060026,
            31.056944,
            31.054015,
            31.051227,
            31.04857,
            31.046036,
            31.043617,
            31.041304,
            31.03909,
            31.03697,
            31.034938,
            31.032988,
            31.031115,
            31.029315,
            31.027584,
            31.025918,
            31.024313,
            31.022766,
            31.021274,
            31.019833,
            31.018443,
            31.017099,
            31.015799,
            31.014542,
            31.013325,
            31.012147,
            31.011005,
            31.009898,
            31.008824,
            31.007782,
            31.006771,
            31.005789,
            31.004835,
            31.003907,
            31.003006,
            31.002128,
            31.001275,
            31.000444,
            30.999634,
            30.998846,
            30.998078,
            30.997329,
            30.996598,
            30.995886,
            30.995191,
            30.994513,
            30.99385,
            30.993204,
            30.992572,
            30.991954,
            30.991351,
            30.990761,
            30.990184,
            30.98962,
            30.989068,
            30.988528,
            30.987999,
            30.987481,
            30.986975,
            30.986478,
            30.985992,
            30.985515
        ],
        "std_length": 0.0,
        "std_return": 4.861082784793317
    }
}